,,中远海运集运亚欧快航三线  (AEU3),,,,,,,,,,,,,,,,,,,,,,,,,,,,,
,,COSCO SHIPPING LINES ASIA--EUROPE EXPRESS SERVICE LOOP 3 (AEU3),,,,,,,,,,,,,,,,,,,,,,,,,2026. 3. 23,,,,
WEEK,VESSEL NAME,"VSL
CODE",S/O,"COS
VOYAGE        ( IRIS4 )",,"COMMON
VOYAGE",,TSN07,,DLC01,,TAO06,,SHA08,,NGB07,,SIN02,,RTM06,,,HAM01,,ANR07,,SHA08,,TSN07,,
,,,,,,,,天津,,大连,,青岛,,上海,,宁波,,新加坡,,鹿特丹,,,汉堡,,安特卫普,,上海,,天津,,
,,,,,,,,ETB,ETD,ETB,ETD,ETB,ETD,ETB,ETD,ETB,ETD,ETB,ETD,ETA,ETB,ETD,ETB,ETD,ETB,ETD,ETB,ETD,ETB,ETD,
,,,,,,,,FRI,SUN,MON,TUE,WED,FRI,SAT,SUN,MON,TUE,SUN,MON,TUE,TUE,FRI,SAT,TUE,WED,THU,TUE,WED,FRI,SUN,
,,,,,,,,0.7916666666666666,0.4583333333333333,0.3333333333333333,0.75,0.5,0.16666666666666666,0.25,0.75,0.4166666666666667,0.6666666666666666,0.625,0.625,0.8333333333333334,0.9166666666666666,0.5833333333333334,0.5,0.0,0.25,0.75,0.3333333333333333,0.8333333333333334,0.7916666666666666,0.4583333333333333,
51.0,COSCO SHIPPING CAPRICORN,CNG,COS,039W,039E,039W,039E,46003.0,46005.0,46006.0,46007.0,46008.0,46010.0,46011.0,46012.0,46013.0,46014.0,46019.0,46020.0,46049.0,46049.0,46052.0,46053.0,46056.0,46057.0,46058.0,46105.0,46106.0,46108.0,46110.0,R3
52.0,COSCO SHIPPING VIRGO,CSD,COS,034W,034E,034W,034E,46010.0,46012.0,46013.0,46014.0,46015.0,46017.0,46018.0,46019.0,46020.0,46021.0,46026.0,46027.0,46056.0,46056.0,46059.0,46060.0,46063.0,46064.0,46065.0,OMIT,,46115.0,46117.0,R3
1.0,COSCO SHIPPING GALAXY,CSH,COS,028W,028E,028W,028E,46017.0,46019.0,46020.0,46021.0,46022.0,46024.0,46025.0,46026.0,46027.0,46028.0,46033.0,46034.0,46063.0,46063.0,46066.0,46067.0,46070.0,46071.0,46072.0,46126.0,46127.0,46129.0,46131.0,R4/R5
2.0,COSCO SHIPPING LIBRA,CSB,COS,034W,034E,034W,034E,46024.0,46026.0,46027.0,46028.0,46029.0,46031.0,46032.0,46033.0,46034.0,46035.0,46040.0,46041.0,46070.0,46070.0,46073.0,46074.0,46077.0,46078.0,46079.0,46133.0,46134.0,46136.0,46138.0,
3.0,COSCO SHIPPING SOLAR,CSI,COS,035W,035E,035W,035E,46031.0,46033.0,46034.0,46035.0,46036.0,46038.0,46039.0,46040.0,46041.0,46042.0,46047.0,46048.0,46077.0,46077.0,46080.0,46081.0,46084.0,46085.0,46086.0,46140.0,46141.0,46143.0,46145.0,
4.0,COSCO SHIPPING UNIVERSE,CSF,COS,034W,034E,034W,034E,46038.0,46040.0,46041.0,46042.0,46043.0,46045.0,46046.0,46047.0,46048.0,46049.0,46054.0,46055.0,46084.0,46084.0,46087.0,46088.0,46091.0,46092.0,46093.0,46147.0,46148.0,46150.0,46152.0,
,OOCL VALENCIA,TPJ,COS,008W,008E,008W,008E,46038.0,46040.0,46041.0,46042.0,46043.0,46045.0,      phase out AEU3 service in Qingdao ( P/I AEU1 service  ),,,,,,,,,,,,,,,,,
5.0,COSCO SHIPPING ARIES,CNE,COS,036W,036E,036W,036E,46045.0,46047.0,46048.0,46049.0,46050.0,46052.0,OMIT,,46055.0,46056.0,46061.0,46062.0,46098.0,46098.0,46102.0,46102.0,46105.0,46106.0,46108.0,46161.0,46162.0,46164.0,46166.0,R7
WEEK,VESSEL NAME,"VSL
CODE",S/O,"COS
VOYAGE        ( IRIS4 )",,"COMMON
VOYAGE",,TSN07,,DLC01,,TAO06,,SHA08,,NGB07,,SIN02,,RTM06,,,HAM01,,ANR07,,SHA08,,TSN07,,
,,,,,,,,天津,,大连,,青岛,,上海,,宁波,,新加坡,,鹿特丹,,,汉堡,,安特卫普,,上海,,天津,,
,,,,,,,,ETB,ETD,ETB,ETD,ETB,ETD,ETB,ETD,ETB,ETD,ETB,ETD,ETA,ETB,ETD,ETB,ETD,ETB,ETD,ETB,ETD,ETB,ETD,
,,,,,,,,FRI,SUN,MON,TUE,WED,FRI,SAT,SUN,MON,TUE,SUN,MON,TUE,TUE,SAT,SAT,TUE,WED,FRI,TUE,WED,FRI,SUN,R1
,,,,,,,,0.7916666666666666,0.4583333333333333,0.3333333333333333,0.75,0.5,0.16666666666666666,0.25,0.75,0.4166666666666667,0.6666666666666666,0.625,0.625,0.25,0.3333333333333333,0.0,0.9166666666666666,0.4166666666666667,0.75,0.25,0.3333333333333333,0.8333333333333334,0.7916666666666666,0.4583333333333333,R1
6.0,COSCO SHIPPING STAR,CSJ,COS,028W,028E,028W,028E,46052.0,46054.0,46055.0,46056.0,46057.0,46059.0,46060.0,46061.0,OMIT,,46068.0,46069.0,46091.0,46091.0,46094.0,46095.0,46098.0,46099.0,46100.0,46154.0,46155.0,46157.0,46159.0,R7
7.0,COSCO SHIPPING LEO,CNF,COS,035W,035E,035W,035E,46059.0,46061.0,46062.0,46063.0,46064.0,46066.0,OMIT,,46069.0,46070.0,46075.0,46076.0,46105.0,46105.0,46109.0,46109.0,46112.0,46113.0,46115.0,46168.0,46169.0,46171.0,46173.0,R4
8.0,,,,,,,,46066.0,46068.0,         Blank Sailing,,,,,,,,,,,,,,,,,,,,,R2
9.0,COSCO SHIPPING GEMINI,CSA,COS,035W,035E,035W,035E,46073.0,46075.0,46076.0,46077.0,46078.0,46080.0,46081.0,46082.0,46083.0,46084.0,46089.0,46090.0,46119.0,46119.0,46123.0,46123.0,46126.0,46127.0,46129.0,46175.0,46176.0,46178.0,46180.0,R5
10.0,COSCO SHIPPING SAGITTARIUS,CSE,COS,033W,033E,033W,033E,46080.0,46082.0,46083.0,46084.0,46085.0,46087.0,46088.0,46089.0,46090.0,46091.0,46096.0,46097.0,46126.0,46126.0,46130.0,46130.0,46133.0,46134.0,46136.0,46182.0,46183.0,46185.0,46187.0,
11.0,OOCL PORTUGAL,MTA,COS,006W,006E,006W,006E,46087.0,46089.0,46090.0,46091.0,46092.0,46094.0,46095.0,46096.0,46097.0,46098.0,46103.0,46104.0,46133.0,46133.0,46137.0,46137.0,46140.0,46141.0,46143.0,46189.0,46190.0,46192.0,46194.0,
12.0,CSCL ATLANTIC OCEAN,QIP,COS,065W,065E,065W,065E,46094.0,46096.0,46097.0,46098.0,46099.0,46101.0,46102.0,46103.0,46104.0,46105.0,46110.0,46111.0,46140.0,46140.0,46144.0,46144.0,46147.0,46148.0,46150.0,46196.0,46197.0,46199.0,46201.0,R6
13.0,OOCL DENMARK,MSZ,COS,007W,007E,007W,007E,46101.0,46103.0,46104.0,46105.0,46106.0,46108.0,46109.0,46110.0,46111.0,46112.0,46117.0,46118.0,46147.0,46147.0,46151.0,46151.0,46154.0,46155.0,46157.0,46203.0,46204.0,46206.0,46208.0,
14.0,COSCO SHIPPING CAPRICORN,CNG,COS,040W,040E,040W,040E,46108.0,46110.0,46111.0,46112.0,46113.0,46115.0,46116.0,46117.0,46118.0,46119.0,46124.0,46125.0,46154.0,46154.0,46158.0,46158.0,46161.0,46162.0,46164.0,46210.0,46211.0,46213.0,46215.0,
15.0,COSCO SHIPPING VIRGO,CSD,COS,035W,035E,035W,035E,46115.0,46117.0,46118.0,46119.0,46120.0,46122.0,46123.0,46124.0,46125.0,46126.0,46131.0,46132.0,46161.0,46161.0,46165.0,46165.0,46168.0,46169.0,46171.0,46217.0,46218.0,46220.0,46222.0,R1/R5
16.0,,,,,,,,46122.0,46124.0,         Blank Sailing,,,,,,,,,,,,,,,,,,,,,R2
17.0,COSCO SHIPPING GALAXY,CSH,COS,029W,029E,029W,029E,46129.0,46131.0,46132.0,46133.0,46134.0,46136.0,46137.0,46138.0,46139.0,46140.0,46145.0,46146.0,46175.0,46175.0,46179.0,46179.0,46182.0,46183.0,46185.0,46224.0,46225.0,46227.0,46229.0,
18.0,COSCO SHIPPING LIBRA,CSB,COS,035W,035E,035W,035E,46136.0,46138.0,46139.0,46140.0,46141.0,46143.0,46144.0,46145.0,46146.0,46147.0,46152.0,46153.0,46182.0,46182.0,46186.0,46186.0,46189.0,46190.0,46192.0,46231.0,46232.0,46234.0,46236.0,
19.0,COSCO SHIPPING SOLAR,CSI,COS,036W,036E,036W,036E,46143.0,46145.0,46146.0,46147.0,46148.0,46150.0,46151.0,46152.0,46153.0,46154.0,46159.0,46160.0,46189.0,46189.0,46193.0,46193.0,46196.0,46197.0,46199.0,46238.0,46239.0,46241.0,46243.0,
20.0,COSCO SHIPPING UNIVERSE,CSF,COS,035W,035E,035W,035E,46150.0,46152.0,46153.0,46154.0,46155.0,46157.0,46158.0,46159.0,46160.0,46161.0,46166.0,46167.0,46196.0,46196.0,46200.0,46200.0,46203.0,46204.0,46206.0,46245.0,46246.0,46248.0,46250.0,
21.0,COSCO SHIPPING STAR,CSJ,COS,029W,029E,029W,029E,46157.0,46159.0,46160.0,46161.0,46162.0,46164.0,46165.0,46166.0,46167.0,46168.0,46173.0,46174.0,46203.0,46203.0,46207.0,46207.0,46210.0,46211.0,46213.0,46252.0,46253.0,46255.0,46257.0,
22.0,COSCO SHIPPING ARIES,CNE,COS,037W,037E,037W,037E,46164.0,46166.0,46167.0,46168.0,46169.0,46171.0,46172.0,46173.0,46174.0,46175.0,46180.0,46181.0,46210.0,46210.0,46214.0,46214.0,46217.0,46218.0,46220.0,46259.0,46260.0,46262.0,46264.0,
23.0,COSCO SHIPPING LEO,CNF,COS,036W,036E,036W,036E,46171.0,46173.0,46174.0,46175.0,46176.0,46178.0,46179.0,46180.0,46181.0,46182.0,46187.0,46188.0,46217.0,46217.0,46221.0,46221.0,46224.0,46225.0,46227.0,46266.0,46267.0,46269.0,46271.0,
24.0,COSCO SHIPPING GEMINI,CSA,COS,036W,036E,036W,036E,46178.0,46180.0,46181.0,46182.0,46183.0,46185.0,46186.0,46187.0,46188.0,46189.0,46194.0,46195.0,46224.0,46224.0,46228.0,46228.0,46231.0,46232.0,46234.0,46273.0,46274.0,46276.0,46278.0,
25.0,COSCO SHIPPING SAGITTARIUS,CSE,COS,034W,034E,034W,034E,46185.0,46187.0,46188.0,46189.0,46190.0,46192.0,46193.0,46194.0,46195.0,46196.0,46201.0,46202.0,46231.0,46231.0,46235.0,46235.0,46238.0,46239.0,46241.0,46280.0,46281.0,46283.0,46285.0,
26.0,OOCL PORTUGAL,MTA,COS,007W,007E,007W,007E,46192.0,46194.0,46195.0,46196.0,46197.0,46199.0,46200.0,46201.0,46202.0,46203.0,46208.0,46209.0,46238.0,46238.0,46242.0,46242.0,46245.0,46246.0,46248.0,46287.0,46288.0,46290.0,46292.0,
27.0,CSCL ATLANTIC OCEAN,QIP,COS,066W,066E,066W,066E,46199.0,46201.0,46202.0,46203.0,46204.0,46206.0,46207.0,46208.0,46209.0,46210.0,46215.0,46216.0,46245.0,46245.0,46249.0,46249.0,46252.0,46253.0,46255.0,46294.0,46295.0,46297.0,46299.0,
28.0,OOCL DENMARK,MSZ,COS,008W,008E,008W,008E,46206.0,46208.0,46209.0,46210.0,46211.0,46213.0,46214.0,46215.0,46216.0,46217.0,46222.0,46223.0,46252.0,46252.0,46256.0,46256.0,46259.0,46260.0,46262.0,46301.0,46302.0,46304.0,46306.0,
29.0,COSCO SHIPPING CAPRICORN,CNG,COS,041W,041E,041W,041E,46213.0,46215.0,46216.0,46217.0,46218.0,46220.0,46221.0,46222.0,46223.0,46224.0,46229.0,46230.0,46259.0,46259.0,46263.0,46263.0,46266.0,46267.0,46269.0,46308.0,46309.0,46311.0,46313.0,
30.0,COSCO SHIPPING VIRGO,CSD,COS,036W,036E,036W,036E,46220.0,46222.0,46223.0,46224.0,46225.0,46227.0,46228.0,46229.0,46230.0,46231.0,46236.0,46237.0,46266.0,46266.0,46270.0,46270.0,46273.0,46274.0,46276.0,46315.0,46316.0,46318.0,46320.0,
31.0,COSCO SHIPPING GALAXY,CSH,COS,030W,030E,030W,030E,46227.0,46229.0,46230.0,46231.0,46232.0,46234.0,46235.0,46236.0,46237.0,46238.0,46243.0,46244.0,46273.0,46273.0,46277.0,46277.0,46280.0,46281.0,46283.0,46322.0,46323.0,46325.0,46327.0,
32.0,COSCO SHIPPING LIBRA,CSB,COS,036W,036E,036W,036E,46234.0,46236.0,46237.0,46238.0,46239.0,46241.0,46242.0,46243.0,46244.0,46245.0,46250.0,46251.0,46280.0,46280.0,46284.0,46284.0,46287.0,46288.0,46290.0,46329.0,46330.0,46332.0,46334.0,
33.0,COSCO SHIPPING SOLAR,CSI,COS,037W,037E,037W,037E,46241.0,46243.0,46244.0,46245.0,46246.0,46248.0,46249.0,46250.0,46251.0,46252.0,46257.0,46258.0,46287.0,46287.0,46291.0,46291.0,46294.0,46295.0,46297.0,46336.0,46337.0,46339.0,46341.0,
34.0,COSCO SHIPPING UNIVERSE,CSF,COS,036W,036E,036W,036E,46248.0,46250.0,46251.0,46252.0,46253.0,46255.0,46256.0,46257.0,46258.0,46259.0,46264.0,46265.0,46294.0,46294.0,46298.0,46298.0,46301.0,46302.0,46304.0,46343.0,46344.0,46346.0,46348.0,
35.0,COSCO SHIPPING STAR,CSJ,COS,030W,030E,030W,030E,46255.0,46257.0,46258.0,46259.0,46260.0,46262.0,46263.0,46264.0,46265.0,46266.0,46271.0,46272.0,46301.0,46301.0,46305.0,46305.0,46308.0,46309.0,46311.0,46350.0,46351.0,46353.0,46355.0,
36.0,COSCO SHIPPING ARIES,CNE,COS,038W,038E,038W,038E,46262.0,46264.0,46265.0,46266.0,46267.0,46269.0,46270.0,46271.0,46272.0,46273.0,46278.0,46279.0,46308.0,46308.0,46312.0,46312.0,46315.0,46316.0,46318.0,46357.0,46358.0,46360.0,46362.0,
37.0,COSCO SHIPPING LEO,CNF,COS,037W,037E,037W,037E,46269.0,46271.0,46272.0,46273.0,46274.0,46276.0,46277.0,46278.0,46279.0,46280.0,46285.0,46286.0,46315.0,46315.0,46319.0,46319.0,46322.0,46323.0,46325.0,46364.0,46365.0,46367.0,46369.0,
38.0,COSCO SHIPPING GEMINI,CSA,COS,037W,037E,037W,037E,46276.0,46278.0,46279.0,46280.0,46281.0,46283.0,46284.0,46285.0,46286.0,46287.0,46292.0,46293.0,46322.0,46322.0,46326.0,46326.0,46329.0,46330.0,46332.0,46371.0,46372.0,46374.0,46376.0,
39.0,COSCO SHIPPING SAGITTARIUS,CSE,COS,035W,035E,035W,035E,46283.0,46285.0,46286.0,46287.0,46288.0,46290.0,46291.0,46292.0,46293.0,46294.0,46299.0,46300.0,46329.0,46329.0,46333.0,46333.0,46336.0,46337.0,46339.0,46378.0,46379.0,46381.0,46383.0,
,,,,,,,,,,,,,,,,,,,,,,,,,,,,,,,
,,,,,,,,,,,,,,,,,,,,,,,,,,,,,,,
,"Ports Code : TSN-Tianjin (Xingang), DLC-Dalian, TAO-Qingdao ,SHA-Shanghai , NGB-Ningbo ,SIN-Singapore , SZC-Suez Canal ,  PIR-Piraeus , RTM-Rotterdam , HAM-Hamburg , ANR-Antwerp .",,,,,,,,,,,,,,,,,,,,,,,,,,,,,,
,Vessels deployment : All COSCO SHIPPING Vessels - upgraded to 11x20000 teu type vsls in Y2018 .           vessel name abbr.:  CS -- COSCO SHIPPING      the Cape of Good Hope : CGH,,,,,,,,,,,,,,,,,,,,,,,,,,,,,,
,,,,,,,,,,,,,,,,,,,,,,,,,,,,,,,
,"R1 :    The Windows ( PFS ) in NW.EU ports will adjust / optimize suitably  , EU R24-ENS filling with ETA RTM to be unified as 1200LT too  ,  W/B week 15 is 1st voy of DAY 10 .              R2 :    Blank Sailings  .",,,,,,,,,,,,,,,,,,,,,,,,,,,,,,
,"R3 :    E/B 5 voys will omit E/B SHA , SHA import cntrs will be discharged in W/B call ,   CS CAPRICORN 039E resume call E/B SHA ,      R4 :    E/B  7 + 3 voys will slide down 1 week fm OOCL DENMARK 006E till CS LEO 035E .",,,,,,,,,,,,,,,,,,,,,,,,,,,,,,
,"R5 :    E/B 7 voys will slide down 1 week more fm CS GALAXY 028E till CS LEO 035E   ,  futher 7 voys will slide down 1 week fm CS GEMINI 035E till CS VIRGO 035E .       R6 :     M/V  CSCL ATLANTIC OCEAN  065W P/I AEU3 ( fm MEX service ) . ",,,,,,,,,,,,,,,,,,,,,,,,,,,,,,
,R7 :    M/V CS ARIES 036E will exchange E/B voy position with M/V CS STAR 028E based on terminals beth plan in the NW.EU region .,,,,,,,,,,,,,,,,,,,,,,,,,,,,,,
